{"mean":{"confidence_interval":{"confidence_level":0.95,"lower_bound":16680025.6,"upper_bound":17069754.506249998},"point_estimate":16868356.0,"standard_error":99591.4211431293},"median":{"confidence_interval":{"confidence_level":0.95,"lower_bound":16321925.0,"upper_bound":16375750.0},"point_estimate":16340950.0,"standard_error":14452.63775201311},"median_abs_dev":{"confidence_interval":{"confidence_level":0.95,"lower_bound":65197.333842515945,"upper_bound":163938.49208950996},"point_estimate":112547.87050187588,"standard_error":25377.40694907556},"slope":null,"std_dev":{"confidence_interval":{"confidence_level":0.95,"lower_bound":833440.0849569939,"upper_bound":1128127.5930530394},"point_estimate":1003237.8649972007,"standard_error":75219.21744551408}}