{"mean":{"confidence_interval":{"confidence_level":0.95,"lower_bound":55232779.975,"upper_bound":55550336.05},"point_estimate":55388692.0,"standard_error":81219.67882411806},"median":{"confidence_interval":{"confidence_level":0.95,"lower_bound":55035550.0,"upper_bound":55627400.0},"point_estimate":55162900.0,"standard_error":157048.23772783},"median_abs_dev":{"confidence_interval":{"confidence_level":0.95,"lower_bound":575248.7897872925,"upper_bound":987485.7124686241},"point_estimate":802160.7157588005,"standard_error":99460.35777959182},"slope":null,"std_dev":{"confidence_interval":{"confidence_level":0.95,"lower_bound":692002.6006911733,"upper_bound":935509.9763014709},"point_estimate":819322.0763435088,"standard_error":62235.28445788923}}