{"mean":{"confidence_interval":{"confidence_level":0.95,"lower_bound":8083401.667857144,"upper_bound":8109082.714285715},"point_estimate":8095598.85714286,"standard_error":6494.436366575342},"median":{"confidence_interval":{"confidence_level":0.95,"lower_bound":8076878.571428571,"upper_bound":8097285.714285715},"point_estimate":8086914.285714285,"standard_error":5484.645451186294},"median_abs_dev":{"confidence_interval":{"confidence_level":0.95,"lower_bound":37689.80933087153,"upper_bound":60235.91893059857},"point_estimate":48078.59914643414,"standard_error":5679.699347715989},"slope":null,"std_dev":{"confidence_interval":{"confidence_level":0.95,"lower_bound":47849.91209421156,"upper_bound":82525.52561182885},"point_estimate":64572.72938837094,"standard_error":9077.97442299661}}