{"mean":{"confidence_interval":{"confidence_level":0.95,"lower_bound":652083680.8,"upper_bound":655258159.5},"point_estimate":653641733.0,"standard_error":807882.3737195197},"median":{"confidence_interval":{"confidence_level":0.95,"lower_bound":650113900.0,"upper_bound":652888550.0},"point_estimate":651473500.0,"standard_error":835087.0503279549},"median_abs_dev":{"confidence_interval":{"confidence_level":0.95,"lower_bound":5085836.819708347,"upper_bound":10594807.671904564},"point_estimate":7879203.430116177,"standard_error":1420280.8682859228},"slope":null,"std_dev":{"confidence_interval":{"confidence_level":0.95,"lower_bound":7232673.138596398,"upper_bound":8844511.049569553},"point_estimate":8122632.187707307,"standard_error":410892.5873144054}}