{"mean":{"confidence_interval":{"confidence_level":0.95,"lower_bound":55068214.95,"upper_bound":55291064.1},"point_estimate":55175647.0,"standard_error":56981.598710211474},"median":{"confidence_interval":{"confidence_level":0.95,"lower_bound":54853100.0,"upper_bound":54939500.0},"point_estimate":54892050.0,"standard_error":26573.64730553651},"median_abs_dev":{"confidence_interval":{"confidence_level":0.95,"lower_bound":132692.6976442337,"upper_bound":333955.64407110214},"point_estimate":217719.80613470078,"standard_error":54545.18784891044},"slope":null,"std_dev":{"confidence_interval":{"confidence_level":0.95,"lower_bound":468560.3904037459,"upper_bound":659446.034000745},"point_estimate":570995.5053786556,"standard_error":48677.47509488725}}