{"mean":{"confidence_interval":{"confidence_level":0.95,"lower_bound":55121451.925,"upper_bound":55437895.4},"point_estimate":55262920.0,"standard_error":80959.96755841866},"median":{"confidence_interval":{"confidence_level":0.95,"lower_bound":54877250.0,"upper_bound":55043300.0},"point_estimate":54938050.0,"standard_error":42254.12163669003},"median_abs_dev":{"confidence_interval":{"confidence_level":0.95,"lower_bound":145591.31741523743,"upper_bound":366498.71349334717},"point_estimate":212604.83622550964,"standard_error":56512.50869251635},"slope":null,"std_dev":{"confidence_interval":{"confidence_level":0.95,"lower_bound":478145.2550888217,"upper_bound":1181959.107470869},"point_estimate":812040.674952787,"standard_error":213673.17957377556}}