{"mean":{"confidence_interval":{"confidence_level":0.95,"lower_bound":-0.0008987684827593266,"upper_bound":0.0032527595757793014},"point_estimate":0.0010699606665935946,"standard_error":0.00105348245752484},"median":{"confidence_interval":{"confidence_level":0.95,"lower_bound":0.00013971049862493423,"upper_bound":0.0031494766948458874},"point_estimate":0.0015215206714505047,"standard_error":0.0007663125078651446}}