{"mean":{"confidence_interval":{"confidence_level":0.95,"lower_bound":55150257.175,"upper_bound":55513886.575},"point_estimate":55310250.0,"standard_error":92947.10904963595},"median":{"confidence_interval":{"confidence_level":0.95,"lower_bound":54889700.0,"upper_bound":55111800.0},"point_estimate":55036850.0,"standard_error":58344.894051112635},"median_abs_dev":{"confidence_interval":{"confidence_level":0.95,"lower_bound":242034.44570302963,"upper_bound":527731.4606308937},"point_estimate":400227.86289453506,"standard_error":80876.22287973507},"slope":null,"std_dev":{"confidence_interval":{"confidence_level":0.95,"lower_bound":497654.504203871,"upper_bound":1402615.922925244},"point_estimate":931538.5150113199,"standard_error":285253.9586503191}}