{"mean":{"confidence_interval":{"confidence_level":0.95,"lower_bound":490946384.95,"upper_bound":493017968.575},"point_estimate":491969297.0,"standard_error":530246.3017045115},"median":{"confidence_interval":{"confidence_level":0.95,"lower_bound":489046600.0,"upper_bound":490678950.0},"point_estimate":489564250.0,"standard_error":431303.522905552},"median_abs_dev":{"confidence_interval":{"confidence_level":0.95,"lower_bound":2416044.9171066284,"upper_bound":5564295.923463995},"point_estimate":4017475.278675556,"standard_error":817762.66879678},"slope":null,"std_dev":{"confidence_interval":{"confidence_level":0.95,"lower_bound":4766543.0975586325,"upper_bound":5786891.513025911},"point_estimate":5352883.939257662,"standard_error":259761.2462098613}}