{"mean":{"confidence_interval":{"confidence_level":0.95,"lower_bound":16266189.5,"upper_bound":16321973.85625},"point_estimate":16293389.0,"standard_error":14237.88979145438},"median":{"confidence_interval":{"confidence_level":0.95,"lower_bound":16238875.0,"upper_bound":16321850.0},"point_estimate":16271200.0,"standard_error":21305.260050966852},"median_abs_dev":{"confidence_interval":{"confidence_level":0.95,"lower_bound":105097.80563414097,"upper_bound":166329.1845470667},"point_estimate":126428.71275544167,"standard_error":15410.903520746155},"slope":null,"std_dev":{"confidence_interval":{"confidence_level":0.95,"lower_bound":113051.87361769915,"upper_bound":172932.48208999244},"point_estimate":142557.0499976778,"standard_error":15621.087835796803}}