{"mean":{"confidence_interval":{"confidence_level":0.95,"lower_bound":40559635.275,"upper_bound":40731172.575},"point_estimate":40641438.0,"standard_error":43810.70228657322},"median":{"confidence_interval":{"confidence_level":0.95,"lower_bound":40442050.0,"upper_bound":40712500.0},"point_estimate":40591425.0,"standard_error":67212.80541916056},"median_abs_dev":{"confidence_interval":{"confidence_level":0.95,"lower_bound":311086.5394771099,"upper_bound":484476.6063988209},"point_estimate":412607.5726747513,"standard_error":42337.07889956552},"slope":null,"std_dev":{"confidence_interval":{"confidence_level":0.95,"lower_bound":315129.5612737882,"upper_bound":560512.5747434983},"point_estimate":439968.0350028198,"standard_error":63231.35304092758}}