{"mean":{"confidence_interval":{"confidence_level":0.95,"lower_bound":980728738.275,"upper_bound":985170433.025},"point_estimate":982917138.0,"standard_error":1131432.6842155105},"median":{"confidence_interval":{"confidence_level":0.95,"lower_bound":976485200.0,"upper_bound":980308200.0},"point_estimate":977497450.0,"standard_error":1042185.3426769096},"median_abs_dev":{"confidence_interval":{"confidence_level":0.95,"lower_bound":4637572.717666626,"upper_bound":12018937.609121181},"point_estimate":6782820.74958086,"standard_error":1785666.7595837722},"slope":null,"std_dev":{"confidence_interval":{"confidence_level":0.95,"lower_bound":10017312.231629645,"upper_bound":12510747.67507748},"point_estimate":11404880.947339427,"standard_error":632430.710166013}}