{"mean":{"confidence_interval":{"confidence_level":0.95,"lower_bound":816680595.475,"upper_bound":820388731.875},"point_estimate":818519584.0,"standard_error":948088.1336666419},"median":{"confidence_interval":{"confidence_level":0.95,"lower_bound":813528000.0,"upper_bound":816315600.0},"point_estimate":814987500.0,"standard_error":711386.2517164616},"median_abs_dev":{"confidence_interval":{"confidence_level":0.95,"lower_bound":4970787.061750889,"upper_bound":11577400.804460049},"point_estimate":7300396.4003920555,"standard_error":1608304.2112829436},"slope":null,"std_dev":{"confidence_interval":{"confidence_level":0.95,"lower_bound":8502689.802964611,"upper_bound":10299220.484725118},"point_estimate":9510082.30102488,"standard_error":457815.29529028863}}