{"mean":{"confidence_interval":{"confidence_level":0.95,"lower_bound":41177122.5,"upper_bound":41392746.5625},"point_estimate":41281655.0,"standard_error":55191.745226342384},"median":{"confidence_interval":{"confidence_level":0.95,"lower_bound":41132800.0,"upper_bound":41356150.0},"point_estimate":41197975.0,"standard_error":53730.2008480613},"median_abs_dev":{"confidence_interval":{"confidence_level":0.95,"lower_bound":371280.0984084606,"upper_bound":611090.6441509724},"point_estimate":474728.51157188416,"standard_error":62698.389112255325},"slope":null,"std_dev":{"confidence_interval":{"confidence_level":0.95,"lower_bound":437109.4366948963,"upper_bound":677282.8760775136},"point_estimate":551689.9378273996,"standard_error":62906.312118892114}}