{"mean":{"confidence_interval":{"confidence_level":0.95,"lower_bound":164714028.0,"upper_bound":165837474.0},"point_estimate":165267935.0,"standard_error":286434.4576102867},"median":{"confidence_interval":{"confidence_level":0.95,"lower_bound":163915900.0,"upper_bound":165672700.0},"point_estimate":164525350.0,"standard_error":457051.42383626266},"median_abs_dev":{"confidence_interval":{"confidence_level":0.95,"lower_bound":2282017.879486084,"upper_bound":3841490.6617999077},"point_estimate":3018499.416410923,"standard_error":398434.3618566184},"slope":null,"std_dev":{"confidence_interval":{"confidence_level":0.95,"lower_bound":2446975.6207671394,"upper_bound":3303917.370477445},"point_estimate":2877374.7102009566,"standard_error":220964.90024021565}}