{"mean":{"confidence_interval":{"confidence_level":0.95,"lower_bound":81799465.55,"upper_bound":82412567.475},"point_estimate":82077586.0,"standard_error":157776.48746857344},"median":{"confidence_interval":{"confidence_level":0.95,"lower_bound":81326800.0,"upper_bound":81766300.0},"point_estimate":81454200.0,"standard_error":130837.90104579722},"median_abs_dev":{"confidence_interval":{"confidence_level":0.95,"lower_bound":492297.32125997543,"upper_bound":1257615.427672863},"point_estimate":753902.0866155624,"standard_error":200441.02450294976},"slope":null,"std_dev":{"confidence_interval":{"confidence_level":0.95,"lower_bound":975581.3416238924,"upper_bound":2265129.5351024633},"point_estimate":1578268.1450183925,"standard_error":387575.202399148}}