{"mean":{"confidence_interval":{"confidence_level":0.95,"lower_bound":54956294.75,"upper_bound":55231364.275},"point_estimate":55090675.0,"standard_error":70437.07805431809},"median":{"confidence_interval":{"confidence_level":0.95,"lower_bound":54816400.0,"upper_bound":55027100.0},"point_estimate":54872000.0,"standard_error":55639.04742791422},"median_abs_dev":{"confidence_interval":{"confidence_level":0.95,"lower_bound":302079.7446370125,"upper_bound":701123.3808025713},"point_estimate":465981.1717271805,"standard_error":99118.87681100778},"slope":null,"std_dev":{"confidence_interval":{"confidence_level":0.95,"lower_bound":583485.6387133827,"upper_bound":813376.8814589349},"point_estimate":707545.7792770213,"standard_error":58510.121180950904}}