{"mean":{"confidence_interval":{"confidence_level":0.95,"lower_bound":8244075.264285716,"upper_bound":8268425.857142858},"point_estimate":8255987.571428567,"standard_error":6222.426486782747},"median":{"confidence_interval":{"confidence_level":0.95,"lower_bound":8223200.0,"upper_bound":8249985.714285715},"point_estimate":8234071.428571429,"standard_error":7126.224680410821},"median_abs_dev":{"confidence_interval":{"confidence_level":0.95,"lower_bound":34438.679388591816,"upper_bound":71609.57872867584},"point_estimate":52229.87907273488,"standard_error":10214.97902720263},"slope":null,"std_dev":{"confidence_interval":{"confidence_level":0.95,"lower_bound":52848.49780240126,"upper_bound":71820.61761238117},"point_estimate":62706.94358422779,"standard_error":4838.279574704833}}